Pais,Ciudad,Region,ID_Ubi
Afghanistan,Badakhshan,Fayzabad,1001
Afghanistan,Badakhshan,Mazar,1002
Afghanistan,Bamyan,Bamyan,1003
Afghanistan,Faryab,Maymana,1004
Afghanistan,Ghor,Ghor,1005
Afghanistan,Hirat,Hirat,1006
Afghanistan,Kabul,Kabul,1007
Afghanistan,Kandahar,Kandahar,1008
Afghanistan,Nangarhar,Jalalabad,1009
Afghanistan,Paktya,Gardez,1010
Afghanistan,Daykundi,Nili,1011
Algeria,Alger,Algiers,1012
Algeria,Tindouf,Tindouf,1013
Algeria,Tindouf,Samara,1014
Algeria,Tindouf,Dakhla,1015
Algeria,Tindouf,Boujdour,1016
Algeria,Tindouf,Auserd,1017
Algeria,Tindouf,Layoun,1018
Armenia,NA,National Average,1019
Armenia,NA,Artashat,1020
Armenia,NA,Gavar,1021
Armenia,NA,Vanadzor,1022
Armenia,NA,Armavir,1023
Armenia,NA,Kapan,1024
Armenia,NA,Berd,1025
Armenia,NA,Yeghegnadzor,1026
Armenia,NA,Yerevan,1027
Azerbaijan,NA,National Average,1028
Bangladesh,Barisal,Barisal Division,1029
Bangladesh,Chittagong,Chittagong Division,1030
Bangladesh,Dhaka,Dhaka Division,1031
Bangladesh,Khulna,Khulna Division,1032
Bangladesh,Rajshahi,Rajshahi Division,1033
Bangladesh,Sylhet,Sylhet Division,1034
Bassas da India,NA,National Average,1035
Bassas da India,NA,Port Blair,1036
Bassas da India,NA,Hyderabad,1037
Bassas da India,NA,Vijaywada,1038
Bassas da India,NA,Itanagar,1039
Bassas da India,NA,Guwahati,1040
Bassas da India,NA,Bhagalpur,1041
Bassas da India,NA,Patna,1042
Bassas da India,NA,Delhi,1043
Bassas da India,NA,Panaji,1044
Bassas da India,NA,Ahmedabad,1045
Bassas da India,NA,Rajkot,1046
Bassas da India,NA,Hisar,1047
Bassas da India,NA,Karnal,1048
Bassas da India,NA,Gurgaon,1049
Bassas da India,NA,Panchkula,1050
Bassas da India,NA,Mandi,1051
Bassas da India,NA,Shimla,1052
Bassas da India,NA,Bengaluru,1053
Bassas da India,NA,Dharwad,1054
Bassas da India,NA,Ernakulam,1055
Bassas da India,NA,T.Puram,1056
Bassas da India,NA,Tiruvanantapuram,1057
Bassas da India,NA,Kozhidoke,1058
Bassas da India,NA,Bhopal,1059
Bassas da India,NA,Indore,1060
Bassas da India,NA,Gwalior,1061
Bassas da India,NA,Jabalpur,1062
Bassas da India,NA,Mumbai,1063
Bassas da India,NA,Nagpur,1064
Bassas da India,NA,Raipur,1065
Bassas da India,NA,Shillong,1066
Bassas da India,NA,Aizwal,1067
Bassas da India,NA,Dimapur,1068
Bassas da India,NA,Kohima,1069
Bassas da India,NA,Bhubaneshwar,1070
Bassas da India,NA,Cuttack,1071
Bassas da India,NA,Sambalpur,1072
Bassas da India,NA,Rourkela,1073
Bassas da India,NA,Amritsar,1074
Bassas da India,NA,Ludhiana,1075
Bassas da India,NA,Bathinda,1076
Bassas da India,NA,Jaipur,1077
Bassas da India,NA,Jodhpur,1078
Bassas da India,NA,Kota,1079
Bassas da India,NA,Chennai,1080
Bassas da India,NA,Dindigul,1081
Bassas da India,NA,Thiruchirapalli,1082
Bassas da India,NA,Agartala,1083
Bassas da India,NA,Agra,1084
Bassas da India,NA,Kanpur,1085
Bassas da India,NA,Lucknow,1086
Bassas da India,NA,Varanasi,1087
Bassas da India,NA,Kolkata,1088
Bassas da India,NA,Siliguri,1089
Bassas da India,NA,Srinagar,1090
Bassas da India,NA,Jammu,1091
Bassas da India,NA,Chandigarh,1092
Bassas da India,NA,Ranchi,1093
Bassas da India,NA,Puducherry,1094
Bassas da India,NA,Dehradun,1095
Benin,Alibori,Malanville (CBM),1096
Benin,Alibori,Banikoara,1097
Benin,Atakora,Kérou,1098
Benin,Atakora,Tanguiéta,1099
Benin,Atakora,Natitingou,1100
Benin,Borgou,Sinendé,1101
Benin,Borgou,Kalalé,1102
Benin,Borgou,Nikki,1103
Benin,Borgou,N'Dali,1104
Benin,Borgou,Parakou,1105
Benin,Collines,Savalou,1106
Benin,Collines,Glazoué,1107
Benin,Couffo,Azovè,1108
Benin,Donga,Djougou,1109
Benin,Littoral,Dantokpa,1110
Benin,Mono,Comè,1111
Benin,Oueme,Ouando,1112
Benin,Plateau,Kétou,1113
Benin,Plateau,Pobè,1114
Benin,Zou,Bohicon,1115
Bhutan,NA,National Average,1116
Bolivia,Pando,Cobija,1117
Bolivia,Beni,Trinidad,1118
Bolivia,Chuquisaca,Sucre,1119
Bolivia,Cochabamba,Cochabamba City,1120
Bolivia,La Paz,La Paz City,1121
Bolivia,Oruro,Oruro City,1122
Bolivia,Potosi,Potosi,1123
Bolivia,Santa Cruz,Santa Cruz City,1124
Bolivia,Tarija,Tarija City,1125
Burkina Faso,Boucle Du Mouhoun,Tougan,1126
Burkina Faso,Boucle Du Mouhoun,Dedougou,1127
Burkina Faso,Cascades,Banfora,1128
Burkina Faso,Centre,Ouagadougo (Sankaryare),1129
Burkina Faso,Centre-est,Tenkodogo,1130
Burkina Faso,Centre-est,Pouytenga,1131
Burkina Faso,Centre-nord,Kongoussi,1132
Burkina Faso,Centre-nord,Kaya,1133
Burkina Faso,Centre-ouest,Koudougou,1134
Burkina Faso,Centre-ouest,Leo,1135
Burkina Faso,Centre-sud,Guelwongo,1136
Burkina Faso,Est,Fada N'Gourma,1137
Burkina Faso,Est,Kantchari (CBM),1138
Burkina Faso,Est,Namouno (CBM),1139
Burkina Faso,Hauts-bassins,Nieneta,1140
Burkina Faso,Nord,Gourcy,1141
Burkina Faso,Nord,Ouahigouya,1142
Burkina Faso,Plateau Central,Bousse,1143
Burkina Faso,Sahel,Djibo,1144
Burkina Faso,Sahel,Dori,1145
Burkina Faso,Sahel,Gorom Gorom,1146
Burkina Faso,Sud-ouest,Diebougou,1147
Burundi,Bubanza,Musenyi,1148
Burundi,Bujumbura Mairie,Bujumbura,1149
Burundi,Bujumbura Mairie,Sogemac (central market Bujumbura),1150
Burundi,Cibitoke,Rugombo,1151
Burundi,Gitega,Gitega,1152
Burundi,Kirundo,Kirundo,1153
Burundi,Muyinga,Muyinga,1154
Burundi,Ngozi,Ngozi,1155
Burundi,Ruyigi,Ruyigi,1156
Cambodia,Banteay Meanchey,Banteay Meanchey,1157
Cambodia,Banteay Meanchey,Serei Saophoan,1158
Cambodia,Banteay Meanchey,Thma Puok,1159
Cambodia,Battambang,Battambang,1160
Cambodia,Kampong Cham,Kampong Cham,1161
Cambodia,Kampong Cham,Pha'av,1162
Cambodia,Kampong Cham,Boeung Kok,1163
Cambodia,Kampong Chhnang,Kampong Chhnang,1164
Cambodia,Kampong Chhnang,Sala Lekh Pram,1165
Cambodia,Kampong Speu,Central Market (KSP),1166
Cambodia,Kampong Speu,Bat Doeng,1167
Cambodia,Kampong Speu,Kampong Speu,1168
Cambodia,Kampong Thom,Kampong Thum,1169
Cambodia,Kampong Thom,Kampong Chheuteal,1170
Cambodia,Kampot,Kampot,1171
Cambodia,Kandal,S'ang,1172
Cambodia,Kandal,Ta Khmau,1173
Cambodia,Kratie,Kratie,1174
Cambodia,Preah Sihanouk,Preah Sihanouk,1175
Cambodia,Mondul Kiri,Mondul Kiri,1176
Cambodia,Otdar Meanchey,Anlong Veng,1177
Cambodia,Otdar Meanchey,Samroang,1178
Cambodia,Otdar Meanchey,Oddar Meanchey,1179
Cambodia,Pailin,Pailin,1180
Cambodia,Phnom Penh,Phnom Penh,1181
Cambodia,Preah Vihear,Preah Vihear,1182
Cambodia,Prey Veng,Prey Veng,1183
Cambodia,Prey Veng,Chheu Kach Thmei,1184
Cambodia,Pursat,Chheu Tom,1185
Cambodia,Pursat,Central Market (PST),1186
Cambodia,Pursat,Pursat,1187
Cambodia,Siem Reap,Siem Reap,1188
Cambodia,Siem Reap,Kralanh,1189
Cambodia,Siem Reap,Psa Leu,1190
Cambodia,Stung Treng,Stung Treng,1191
Cambodia,Svay Rieng,Svay Rieng,1192
Cambodia,Takeo,Takeo,1193
Cameroon,Adamaoua,Batoua Godolé,1194
Cameroon,Adamaoua,Meiganga,1195
Cameroon,Adamaoua,Ngaoui,1196
Cameroon,Adamaoua,Yamba,1197
Cameroon,Est,Bertoua 2,1198
Cameroon,Est,Bertoua 1,1199
Cameroon,Est,Betare Oya,1200
Cameroon,Est,Guiwa Yangamo,1201
Cameroon,Est,Mandjou,1202
Cameroon,Est,Ndokayo,1203
Cameroon,Est,Tongo Gandima,1204
Cameroon,Est,Batouri,1205
Cameroon,Est,Gbiti,1206
Cameroon,Est,Kétté,1207
Cameroon,Est,Garoua Boulaï,1208
Cameroon,Extreme - Nord,Kousseri,1209
Cameroon,Extreme - Nord,Logone-Birni,1210
Cameroon,Extreme - Nord,Mada,1211
Cameroon,Extreme - Nord,Maroua,1212
Cameroon,Extreme - Nord,Yagoua,1213
Cameroon,Extreme - Nord,Kaele,1214
Cameroon,Extreme - Nord,Mora,1215
Cameroon,Extreme - Nord,Mokolo,1216
Cameroon,Nord,Ngong,1217
Cameroon,Nord,Pitoa,1218
Cameroon,Nord,Adoumri,1219
Cameroon,Nord,Pintchoumba,1220
Cameroon,Nord,Godé,1221
Cameroon,Nord,Poli,1222
Cameroon,Nord,Guider,1223
Cameroon,Nord,Figuil,1224
Cameroon,Nord,Mayo Oulo,1225
Cameroon,Nord,Mbaiboum,1226
Cameroon,Nord,Rey Bouba,1227
Cameroon,Nord,Madingring,1228
Cameroon,Nord,Garoua,1229
Cape Verde,Santiago,Santiago,1230
Cape Verde,Santo Antao,Santo Antao,1231
Cape Verde,Sao Vicente,Sao Vicente,1232
Central African Republic,Haut-Mbomou,Zemio,1233
Central African Republic,Haut-Mbomou,Obo,1234
Central African Republic,Haute-Kotto,Bria,1235
Central African Republic,Kemo,Sibut,1236
Central African Republic,Lobaye,Mbaïki,1237
Central African Republic,Mambere-Kadei,Gamboula,1238
Central African Republic,Mambere-Kadei,Berbérati,1239
Central African Republic,Mambere-Kadei,Carnot,1240
Central African Republic,Mbomou,Bangassou,1241
Central African Republic,Nana-Gribizi,Kaga-Bandoro,1242
Central African Republic,Nana-Mambere,Bouar,1243
Central African Republic,Nana-Mambere,Baoro,1244
Central African Republic,Ombella M'Poko,Bimbo,1245
Central African Republic,Ombella M'Poko,Bossembélé,1246
Central African Republic,Ombella M'Poko,Yaloké,1247
Central African Republic,Ombella M'Poko,Bossemptélé,1248
Central African Republic,Ombella M'Poko,Bégoua,1249
Central African Republic,Ouaka,Bambari,1250
Central African Republic,Ouham,Bossangoa,1251
Central African Republic,Ouham,Bouca,1252
Central African Republic,Ouham Pende,Paoua,1253
Central African Republic,Ouham Pende,Bozoum,1254
Central African Republic,Ouham Pende,Bocaranga,1255
Central African Republic,Sangha-Mbaere,Nola,1256
Central African Republic,Bangui,Bangui,1257
Chad,NA,National Average,1258
Chad,NA,Biltine,1259
Chad,NA,Iriba,1260
Chad,NA,Mongo,1261
Chad,NA,Bol,1262
Chad,NA,Benoye,1263
Chad,NA,Mba├»namar,1264
Chad,NA,Am Timan,1265
Chad,NA,Aboudeia,1266
Chad,NA,Oum Hadjer,1267
Chad,NA,Ati,1268
Chad,NA,Bousso,1269
Chad,NA,Bokoro,1270
Chad,NA,Ndjamena,1271
Chad,NA,Massakory,1272
Chad,NA,Mandelia,1273
Chad,NA,Moussoro,1274
Chad,NA,Mao,1275
Chad,NA,Nokou,1276
Chad,NA,Ngouri,1277
Chad,NA,Moundou,1278
Chad,NA,Gore,1279
Chad,NA,Doba,1280
Chad,NA,Mba├»bokoum,1281
Chad,NA,Bongor,1282
Chad,NA,Pala,1283
Chad,NA,Sarh,1284
Chad,NA,Maro,1285
Chad,NA,Kyabe,1286
Chad,NA,Koumra,1287
Chad,NA,Moissala,1288
Chad,NA,Peni,1289
Chad,NA,Abeche,1290
Chad,NA,Abdi,1291
Chad,NA,Goz Beida,1292
Chad,NA,Amdam,1293
Chad,NA,La├»,1294
Chad,NA,K├ęlo,1295
Colombia,Antioquia,Medellin,1296
Colombia,Antioquia,San Vicente,1297
Colombia,Atlantico,Barranquilla,1298
Colombia,Bolivar,Cartagena,1299
Colombia,Boyaca,Tunja,1300
Colombia,Cauca,Popayan,1301
Colombia,Cesar,Valledupar,1302
Colombia,Cordoba,Monteria,1303
Colombia,Cundinamarca,Bogota,1304
Colombia,Meta,Villavicencio,1305
Colombia,Narino,Pasto,1306
Colombia,Norte De Santander,Cucuta,1307
Colombia,Quindio,Armenia,1308
Colombia,Santander,Bucaramanga,1309
Colombia,Sucre,Sincelejo,1310
Colombia,Valle Del Cauca,Cali,1311
Congo,Bouenza,Nkayi,1312
Congo,Cuvette,Owando,1313
Congo,Lekoumou,Sibiti,1314
Congo,Likouala,Bakandi,1315
Congo,Likouala,Monzombo,1316
Congo,Pool,Kinkala,1317
Congo,Point-Noire,Grand marché/Fond Ntié-Ntié/Nkouikou,1318
Congo,Brazzaville,Moungali,1319
Congo,Brazzaville,Ouenzé,1320
Congo,Brazzaville,Mikalou,1321
Congo,Brazzaville,Total,1322
Costa Rica,NA,National Average,1323
Cote d'Ivoire,Denguele,Odienne,1324
Cote d'Ivoire,Savanes,Korhogo,1325
Cote d'Ivoire,Comoe,Abengourou,1326
Cote d'Ivoire,Vallee Du Bandama,Bouake,1327
Cote d'Ivoire,Vallee Du Bandama,Katiola,1328
Cote d'Ivoire,District autonome de Yamoussoukro,Adjame,1329
Cote d'Ivoire,NA,Duekoue,1330
Cote d'Ivoire,NA,Daloa,1331
Cote d'Ivoire,Montagnes,Man,1332
Cote d'Ivoire,Montagnes,Danane,1333
Cote d'Ivoire,Montagnes,Guiglo,1334
Democratic Republic of the Congo,Bandundu,Bandundu ville,1335
Democratic Republic of the Congo,Bandundu,Kikwit,1336
Democratic Republic of the Congo,Bas-Congo,Boma,1337
Democratic Republic of the Congo,Bas-Congo,Matadi,1338
Democratic Republic of the Congo,Equateur,Mbandaka,1339
Democratic Republic of the Congo,Equateur,Gbadolite,1340
Democratic Republic of the Congo,Equateur,Inke,1341
Democratic Republic of the Congo,Equateur,Mole,1342
Democratic Republic of the Congo,Equateur,Libenge,1343
Democratic Republic of the Congo,Kasai Occidental,Tshikapa,1344
Democratic Republic of the Congo,Kasai Occidental,Kananga,1345
Democratic Republic of the Congo,Kasai Occidental,Zkele,1346
Democratic Republic of the Congo,Kasai Occidental,Dibumba,1347
Democratic Republic of the Congo,Kasai Occidental,Kamalenga,1348
Democratic Republic of the Congo,Kasai Occidental,Mwetshi,1349
Democratic Republic of the Congo,Kasai Occidental,Mashala,1350
Democratic Republic of the Congo,Kasai Occidental,Kajiba,1351
Democratic Republic of the Congo,Kasai Occidental,Kalombo,1352
Democratic Republic of the Congo,Kasai Occidental,Tshibamba,1353
Democratic Republic of the Congo,Kasai Occidental,Banga Lubaka,1354
Democratic Republic of the Congo,Kasai Oriental,Mwene-Ditu,1355
Democratic Republic of the Congo,Kasai Oriental,Mbuji-mayi,1356
Democratic Republic of the Congo,Katanga,Kalemie,1357
Democratic Republic of the Congo,Katanga,Lubumbashi,1358
Democratic Republic of the Congo,Katanga,Kabalo,1359
Democratic Republic of the Congo,Katanga,Moba,1360
Democratic Republic of the Congo,Katanga,Kamina,1361
Democratic Republic of the Congo,Katanga,Kolwezi,1362
Democratic Republic of the Congo,Katanga,Likasi,1363
Democratic Republic of the Congo,Katanga,Pweto,1364
Democratic Republic of the Congo,Kinshasa,Kinshasa,1365
Democratic Republic of the Congo,Maniema,Kindu,1366
Democratic Republic of the Congo,Nord-Kivu,Goma,1367
Democratic Republic of the Congo,Nord-Kivu,Beni,1368
Democratic Republic of the Congo,Nord-Kivu,Butembo,1369
Democratic Republic of the Congo,Nord-Kivu,Mweso,1370
Democratic Republic of the Congo,Nord-Kivu,Nyanzale,1371
Democratic Republic of the Congo,Orientale,Bunia,1372
Democratic Republic of the Congo,Orientale,Kisangani,1373
Democratic Republic of the Congo,Orientale,Isiro,1374
Democratic Republic of the Congo,Orientale,Zongo,1375
Democratic Republic of the Congo,Sud-Kivu,Uvira,1376
Democratic Republic of the Congo,Sud-Kivu,Bukavu,1377
Democratic Republic of the Congo,Sud-Kivu,Lusenda,1378
Democratic Republic of the Congo,Sud-Kivu,Baraka,1379
Djibouti,Ali Sabieh,Ali Sabieh,1380
Djibouti,Dikhil,Dikhil,1381
Djibouti,Djibouti,Arta,1382
Djibouti,Obock,Obock,1383
Djibouti,Tadjourah,Tadjourah,1384
Dominican Republic,NA,National Average,1385
Egypt,NA,National Average,1386
El Salvador,NA,National Average,1387
El Salvador,NA,Ahuachapan,1388
El Salvador,NA,Sensuntepeque,1389
El Salvador,NA,Chalatenango,1390
El Salvador,NA,Cojutepeque,1391
El Salvador,NA,Zacatecoluca,1392
El Salvador,NA,La Union,1393
El Salvador,NA,San Francisco Gotera,1394
El Salvador,NA,San Miquel,1395
El Salvador,NA,San Salvador,1396
El Salvador,NA,San Vicente,1397
El Salvador,NA,Santa Ana,1398
El Salvador,NA,Sonsonate,1399
El Salvador,NA,Usulutan,1400
Ethiopia,Addis Ababa,Addis Ababa,1401
Ethiopia,Afar,Abaala,1402
Ethiopia,Afar,Asayta,1403
Ethiopia,Amhara,Robit,1404
Ethiopia,Amhara,Abomsa,1405
Ethiopia,Amhara,Bati,1406
Ethiopia,Amhara,Kobo,1407
Ethiopia,Amhara,Baher Dar,1408
Ethiopia,Amhara,Desse,1409
Ethiopia,Amhara,Gonder,1410
Ethiopia,Amhara,Ajeber,1411
Ethiopia,Amhara,Ebinat,1412
Ethiopia,Amhara,Mota,1413
Ethiopia,Amhara,Sekota,1414
Ethiopia,Amhara,Debre Markos,1415
Ethiopia,Amhara,Bure,1416
Ethiopia,Amhara,Debre Birhan,1417
Ethiopia,Amhara,Debark,1418
Ethiopia,Beneshangul Gumu,Assosa,1419
Ethiopia,Dire Dawa,Dire Dawa,1420
Ethiopia,Gambela,Gambela,1421
Ethiopia,Gambela,Meti,1422
Ethiopia,SNNPR,Gamo Gofa,1423
Ethiopia,SNNPR,Hossana,1424
Ethiopia,SNNPR,Sodo,1425
Ethiopia,SNNPR,Wonago,1426
Ethiopia,SNNPR,Amaro,1427
Ethiopia,SNNPR,Karati,1428
Ethiopia,SNNPR,Turmi,1429
Ethiopia,SNNPR,Aroresa,1430
Ethiopia,SNNPR,Awassa Zuriya,1431
Ethiopia,Tigray,Alamata,1432
Ethiopia,Tigray,Korem,1433
Ethiopia,Tigray,Abi Adi,1434
Ethiopia,Tigray,Wekro,1435
Ethiopia,Tigray,Mekele,1436
Ethiopia,Tigray,Humera,1437
Ethiopia,Tigray,Adwa,1438
Ethiopia,Tigray,Adigrat,1439
Ethiopia,Tigray,Hawzien,1440
Ethiopia,Tigray,Sik'ela,1441
Ethiopia,Oromia,Babile,1442
Ethiopia,Oromia,Beddenno,1443
Ethiopia,Oromia,Deder,1444
Ethiopia,Oromia,Wolenchiti,1445
Ethiopia,Oromia,Bedessa,1446
Ethiopia,Oromia,Delo,1447
Ethiopia,Oromia,Yabelo,1448
Ethiopia,Oromia,Ambo,1449
Ethiopia,Oromia,Robe,1450
Ethiopia,Oromia,Jimma,1451
Ethiopia,Oromia,Shashemene,1452
Ethiopia,Oromia,Assela,1453
Ethiopia,Oromia,Kersa,1454
Ethiopia,Oromia,Merti,1455
Ethiopia,Oromia,Nekempt,1456
Ethiopia,Oromia,Woliso,1457
Ethiopia,Oromia,Ziway,1458
Ethiopia,Oromia,Nazareth,1459
Ethiopia,Oromia,Derashe,1460
Ethiopia,Oromia,Gordamole,1461
Ethiopia,Somali,Gode,1462
Ethiopia,Somali,Jijiga,1463
Gambia,Central River,Bansang,1464
Gambia,Central River,Kaur Wharf Town,1465
Gambia,Central River,Kuntaur,1466
Gambia,Central River,Wellingara,1467
Gambia,Central River,BrikamaBa,1468
Gambia,Central River,Wassu,1469
Gambia,Central River,Jarreng,1470
Gambia,Lower River,Kwinella Nya Kunda,1471
Gambia,Lower River,Soma,1472
Gambia,North Bank,Essau / Barra,1473
Gambia,North Bank,Farafenni,1474
Gambia,North Bank,Kerewan,1475
Gambia,North Bank,Ker Pate Kore,1476
Gambia,North Bank,Lamin,1477
Gambia,North Bank,Ndugu Kebbeh,1478
Gambia,Upper River,Basse Santa su,1479
Gambia,Upper River,Sare Ngai,1480
Gambia,Upper River,Sare Bojo,1481
Gambia,West Coast,Brikama,1482
Gambia,West Coast,Sibanor,1483
Gambia,West Coast,Gunjur,1484
Gambia,West Coast,Kalagi,1485
Gambia,Kanifing Municipal Council,Bakau,1486
Gambia,Kanifing Municipal Council,Banjul,1487
Gambia,Kanifing Municipal Council,Latri kunda,1488
Gambia,Kanifing Municipal Council,Serrekunda,1489
Georgia,Tbilisi,Tbilisi,1490
Ghana,Ashanti,Kumasi,1491
Ghana,Ashanti,Obuasi,1492
Ghana,Ashanti,Ejura,1493
Ghana,Brong Ahafo,Sunyani,1494
Ghana,Brong Ahafo,Techiman,1495
Ghana,Brong Ahafo,Badu,1496
Ghana,Brong Ahafo,Kajeji,1497
Ghana,Brong Ahafo,Kintampo,1498
Ghana,Brong Ahafo,Yeji,1499
Ghana,Central,Cape Coast,1500
Ghana,Central,Mankessim,1501
Ghana,Eastern,Koforidua,1502
Ghana,Greater Accra,Accra,1503
Ghana,Greater Accra,Tema,1504
Ghana,Northern,Tamale,1505
Ghana,Northern,Banda,1506
Ghana,Northern,Bimbilla,1507
Ghana,Northern,Bunkprugu,1508
Ghana,Northern,Gushegu,1509
Ghana,Northern,Kpandai,1510
Ghana,Northern,Nalerigu,1511
Ghana,Northern,Saboba,1512
Ghana,Northern,Yendi,1513
Ghana,Northern,Zabzugu,1514
Ghana,Upper East,Bolga,1515
Ghana,Upper East,Bawku,1516
Ghana,Upper East,Bongo,1517
Ghana,Upper East,Fumbisi,1518
Ghana,Upper East,Garu,1519
Ghana,Upper East,Navrongo,1520
Ghana,Upper West,Wa,1521
Ghana,Upper West,Jirapa,1522
Ghana,Upper West,Lawra,1523
Ghana,Upper West,Nadowli,1524
Ghana,Upper West,Tumu,1525
Ghana,Upper West,Wichau,1526
Ghana,Volta,Ho,1527
Ghana,Volta,Dambai,1528
Ghana,Volta,Kadjebi,1529
Ghana,Volta,Kete Krachi,1530
Ghana,Volta,Kpassa,1531
Ghana,Volta,Nkwanta,1532
Ghana,Western,Sekondi/Takoradi,1533
Guatemala,NA,National Average,1534
Guatemala,NA,La Terminal,1535
Guinea,Boke,Koundara,1536
Guinea,Boke,Boke,1537
Guinea,Boke,Tanène,1538
Guinea,Conakry,Yéguéma,1539
Guinea,Conakry,Yimbaya marché,1540
Guinea,Conakry,Concasseur,1541
Guinea,Conakry,Madina,1542
Guinea,Faranah,Faranah,1543
Guinea,Faranah,Kissidougou,1544
Guinea,Kankan,Dibida (Kankan),1545
Guinea,Kindia,Kindia,1546
Guinea,Labe,Marché central (Labé),1547
Guinea,Mamou,Mamou,1548
Guinea,Nzerekore,Grand marché (Nzerekore),1549
Guinea,Nzerekore,Lola,1550
Guinea,Nzerekore,Beyla,1551
Guinea,Nzerekore,Macenta,1552
Guinea,Nzerekore,Gueckedou,1553
Guinea-Bissau,Bafata,Kirintim,1554
Guinea-Bissau,Bafata,Nhambane,1555
Guinea-Bissau,Sector Autonomo De Bissau,Bandim,1556
Haiti,Artibonite,Gonaives,1557
Haiti,Centre,Hinche,1558
Haiti,Grande Anse,Jeremie,1559
Haiti,Nord,Cap-Haitien,1560
Haiti,Nord Est,Ouanaminthe,1561
Haiti,Nord Ouest,Port-de-Paix,1562
Haiti,Ouest,Port-au-Prince,1563
Haiti,Sud,Cayes,1564
Haiti,Sud Est,Jacmel,1565
Honduras,NA,National Average,1566
Indonesia,NA,National Average,1567
Iran  (Islamic Republic of),Tehran,Tehran Market,1568
Iraq,NA,National Average,1569
Iraq,NA,Alanbar,1570
Iraq,NA,Basra,1571
Iraq,NA,Al-Muthana,1572
Iraq,NA,Wasit,1573
Iraq,NA,Qadisyia,1574
Iraq,NA,Najaf,1575
Iraq,NA,Erbil,1576
Iraq,NA,Kerkuk,1577
Iraq,NA,Babylon,1578
Iraq,NA,Baghdad,1579
Iraq,NA,Thi Qar,1580
Iraq,NA,Dohuk,1581
Iraq,NA,Dyala,1582
Iraq,NA,Karbala,1583
Iraq,NA,Missan,1584
Iraq,NA,Mosul,1585
Iraq,NA,Salhdin,1586
Iraq,NA,Sulaimania,1587
Jordan,NA,National Average,1588
Jordan,NA,Ajloun,1589
Jordan,NA,Al Balqa,1590
Jordan,NA,Al  Aqaba,1591
Jordan,NA,Al Karak,1592
Jordan,NA,Amman,1593
Jordan,NA,Al Tafilah,1594
Jordan,NA,Irbid,1595
Jordan,NA,Jarash,1596
Jordan,NA,Maan,1597
Jordan,NA,Madaba,1598
Jordan,NA,Al Mafraq,1599
Jordan,NA,Zarqa,1600
Kenya,Coast,Mombasa,1601
Kenya,Coast,Kilifi,1602
Kenya,Coast,Hola (Tana River),1603
Kenya,Eastern,Kitui,1604
Kenya,Eastern,Marsabit,1605
Kenya,Nairobi,Nairobi,1606
Kenya,North Eastern,Mandera,1607
Kenya,North Eastern,Garissa,1608
Kenya,Nyanza,Kisumu,1609
Kenya,Rift Valley,Eldoret,1610
Kenya,Rift Valley,Lodwar (Turkana),1611
Kenya,Rift Valley,Nakuru,1612
Kenya,Rift Valley,Marigat (Baringo),1613
Kenya,Rift Valley,Kajiado,1614
Kyrgyzstan,Batken,Batken,1615
Kyrgyzstan,Batken,Karabak,1616
Kyrgyzstan,Batken,Samarkandek,1617
Kyrgyzstan,Batken,Isfana,1618
Kyrgyzstan,Chuy,Bishkek,1619
Kyrgyzstan,Chuy,Kemin,1620
Kyrgyzstan,Chuy,Bystrovka,1621
Kyrgyzstan,Chuy,Kara-Balta,1622
Kyrgyzstan,Chuy,Tokmok,1623
Kyrgyzstan,Jalal-Abad,Suzak,1624
Kyrgyzstan,Jalal-Abad,Kyzyl-Tuu,1625
Kyrgyzstan,Jalal-Abad,Arslanbob,1626
Kyrgyzstan,Jalal-Abad,Bazar-Korgon,1627
Kyrgyzstan,Jalal-Abad,Jalal-Abad,1628
Kyrgyzstan,Jalal-Abad,Kerben,1629
Kyrgyzstan,Jalal-Abad,Toktogul,1630
Kyrgyzstan,Naryn,Naryn,1631
Kyrgyzstan,Naryn,Dobolu,1632
Kyrgyzstan,Naryn,At-Bashi,1633
Kyrgyzstan,Naryn,Orto-Nura,1634
Kyrgyzstan,Naryn,Chaek,1635
Kyrgyzstan,Osh,Osh,1636
Kyrgyzstan,Osh,Karasuu,1637
Kyrgyzstan,Osh,Nookat,1638
Kyrgyzstan,Osh,Kara-Suu,1639
Kyrgyzstan,Osh,Uzgen,1640
Kyrgyzstan,Talas,Kyzyl-Adyr,1641
Kyrgyzstan,Talas,Pokrovka,1642
Kyrgyzstan,Talas,Kok-Say,1643
Kyrgyzstan,Talas,Talas,1644
Kyrgyzstan,Ysyk-Kol,Teplokluchenka,1645
Kyrgyzstan,Ysyk-Kol,Sary-Kamysh,1646
Kyrgyzstan,Ysyk-Kol,Kaiyrma-Aryk,1647
Kyrgyzstan,Ysyk-Kol,Karakol,1648
Kyrgyzstan,Ysyk-Kol,Balykchy,1649
Lao People's Democratic Republic,Attapu,Attapeu,1650
Lao People's Democratic Republic,Bokeo,Bokeo,1651
Lao People's Democratic Republic,Bolikhamxai,Borikhamxay,1652
Lao People's Democratic Republic,Champasak,Champassack,1653
Lao People's Democratic Republic,Houaphan,Huaphanh,1654
Lao People's Democratic Republic,Khammouan,Khammouane,1655
Lao People's Democratic Republic,Louangphabang,Luang Prabang,1656
Lao People's Democratic Republic,Louang-Namtha,Luangnamtha,1657
Lao People's Democratic Republic,Oudomxai,Oudomxay,1658
Lao People's Democratic Republic,Phongsali,Phongsaly,1659
Lao People's Democratic Republic,Salavan,Saravane,1660
Lao People's Democratic Republic,Savannakhet,Savannakhet,1661
Lao People's Democratic Republic,Xaignabouli,Xayabury,1662
Lao People's Democratic Republic,Xekong,Sekong,1663
Lao People's Democratic Republic,Vientiane,Vientiane Province,1664
Lao People's Democratic Republic,Vientiane capital,Vientiane Municipality,1665
Lao People's Democratic Republic,Xiangkhouang,Xiengkhuang,1666
Lebanon,Bekaa,Baalbeck,1667
Lebanon,Bekaa,Hermel,1668
Lebanon,Bekaa,Rashaya,1669
Lebanon,Bekaa,West Beqaa,1670
Lebanon,Bekaa,Zahle,1671
Lebanon,Beirut,Beirut,1672
Lebanon,Beirut,Keserwan,1673
Lebanon,North,Akkar,1674
Lebanon,North,Batroun,1675
Lebanon,North,Bechare,1676
Lebanon,North,Koura,1677
Lebanon,North,Minieh-Dannieh,1678
Lebanon,North,Tripoli,1679
Lebanon,North,Zgharta,1680
Lebanon,South,Jezzine,1681
Lebanon,South,Saida,1682
Lebanon,South,Sour,1683
Lebanon,Mount Lebanon,Aley,1684
Lebanon,Mount Lebanon,Baabda,1685
Lebanon,Mount Lebanon,Chouf,1686
Lebanon,Mount Lebanon,El Metn,1687
Lebanon,Mount Lebanon,Jbeil,1688
Lebanon,Nabatiye,Bint Jbeil,1689
Lebanon,Nabatiye,Hasbaya,1690
Lebanon,Nabatiye,Marjayoun,1691
Lebanon,Nabatiye,Nabatiyeh,1692
Lesotho,Berea,Berea,1693
Lesotho,Butha Buthe,Butha Buthe,1694
Lesotho,Leribe,Leribe,1695
Lesotho,Mafeteng,Mafeteng,1696
Lesotho,Maseru,Maseru,1697
Lesotho,Mohale's Hoek,Mohale's Hoek,1698
Lesotho,Mokhotlong,Mokhotlong,1699
Lesotho,Qacha's Nek,Qacha's Nek,1700
Lesotho,Quthing,Quthing,1701
Lesotho,Thaba Tseka,Thaba Tseka,1702
Liberia,Bomi,Tubmanburg,1703
Liberia,Bong,Gbarnga,1704
Liberia,Gbarpolu,Bopolu,1705
Liberia,Gbarpolu,Gbarma,1706
Liberia,Grand Bassa,Buchanan,1707
Liberia,Grand Cape Mount,Bo Waterside,1708
Liberia,Grand Gedeh,Zwedru,1709
Liberia,Grand Gedeh,Toe Town,1710
Liberia,Grand Kru,Barclayville,1711
Liberia,Lofa,Voinjama,1712
Liberia,Lofa,Foya,1713
Liberia,Margibi,Kakata,1714
Liberia,Maryland,Pleebo,1715
Liberia,Maryland,Harper,1716
Liberia,Montserrado,Red Light,1717
Liberia,Montserrado,Duala,1718
Liberia,Nimba,Saclepea,1719
Liberia,Nimba,Ganta,1720
Liberia,Rivercess,Cestos City,1721
Liberia,River Gee,Fish Town,1722
Liberia,River Gee,Tuobo-Gbaweeleken,1723
Liberia,Sinoe,Greenville,1724
Libya,NA,Nalut,1725
Libya,NA,Zintan,1726
Libya,NA,Al-Marj,1727
Libya,NA,Ghat,1728
Libya,NA,Ajdabiya,1729
Libya,NA,Al-Bayda,1730
Libya,NA,Al-Aziziya,1731
Libya,NA,Al-Kufrah,1732
Libya,NA,Brak,1733
Libya,NA,Ubari,1734
Libya,NA,Benghazi,1735
Libya,NA,Derna,1736
Libya,NA,Ghadamis,1737
Libya,NA,Gharyan,1738
Libya,NA,Zliten,1739
Libya,NA,Al-Gatroun,1740
Libya,NA,Murzuq,1741
Libya,NA,Sabratah,1742
Libya,NA,Sabha,1743
Libya,NA,Bani Walid,1744
Libya,NA,Sirte,1745
Libya,NA,Tarhuna,1746
Libya,NA,Abusliem,1747
Libya,NA,Suq Aljumaa,1748
Libya,NA,Tripoli center,1749
Libya,NA,Hai Alandalus,1750
Libya,NA,Tobruk,1751
Madagascar,Atsinanana,Atsinanana,1752
Madagascar,NA,Fort-Dauphin,1753
Madagascar,Vatovavy Fitovinany,Vatovavy Fitovinany,1754
Madagascar,Vakinankaratra,Vakinakaratra,1755
Madagascar,Sofia,Sofia,1756
Madagascar,Menabe,Anosy,1757
Madagascar,Menabe,Menabe,1758
Madagascar,Melaky,Melaky,1759
Madagascar,Ihorombe,Sava,1760
Madagascar,Haute Matsiatra,Ihorombe,1761
Madagascar,Haute Matsiatra,Haute Matsiatra,1762
Madagascar,Diana,Diana,1763
Madagascar,Boeny,Boeny,1764
Madagascar,Betsiboka,Betsiboka,1765
Madagascar,Atsimo Atsinanana,Atsimo Atsinanana,1766
Madagascar,Atsimo Andrefana,Betioky,1767
Madagascar,Atsimo Andrefana,Ampanihy,1768
Madagascar,Atsimo Andrefana,Atsimo Andrefana,1769
Madagascar,Anosy,Amboasary,1770
Madagascar,Androy,Beloha,1771
Madagascar,Androy,Tsihombe,1772
Madagascar,Androy,Ambovombe-androy,1773
Madagascar,Androy,Bekily,1774
Madagascar,Androy,Bongolava,1775
Madagascar,Androy,Androy,1776
Madagascar,Analanjirofo,Analanjirofo,1777
Madagascar,Analamanga,Antananarivo,1778
Madagascar,Analamanga,Itasy,1779
Madagascar,Amoron I Mania,Amoron'I Mania,1780
Madagascar,Alaotra Mangoro,Analamanga,1781
Madagascar,Alaotra Mangoro,Alaotra Mangoro,1782
Malawi,Central Region,Bembeke turn off,1783
Malawi,Central Region,Bowe,1784
Malawi,Central Region,Chatoloma,1785
Malawi,Central Region,Chimbiya,1786
Malawi,Central Region,Dwangwa,1787
Malawi,Central Region,Kasungu,1788
Malawi,Central Region,Madisi,1789
Malawi,Central Region,Malomo,1790
Malawi,Central Region,Mchinji,1791
Malawi,Central Region,Mitundu,1792
Malawi,Central Region,Mkanda,1793
Malawi,Central Region,Mponela,1794
Malawi,Central Region,Mtakataka,1795
Malawi,Central Region,Mwansambo,1796
Malawi,Central Region,Nanjiri,1797
Malawi,Central Region,Nkhamenya,1798
Malawi,Central Region,Nkhoma,1799
Malawi,Central Region,Nkhotakota,1800
Malawi,Central Region,Nsundwe,1801
Malawi,Central Region,Ntcheu,1802
Malawi,Central Region,Ntchisi,1803
Malawi,Central Region,Salima,1804
Malawi,Central Region,Santhe,1805
Malawi,Central Region,Sharpevaley,1806
Malawi,Central Region,Thete,1807
Malawi,Central Region,Dowa,1808
Malawi,Central Region,Lizulu,1809
Malawi,Central Region,Lilongwe,1810
Malawi,Central Region,Kasiya,1811
Malawi,Central Region,Nambuma,1812
Malawi,Central Region,Ntonda,1813
Malawi,Central Region,Tsangano turn off,1814
Malawi,Central Region,Chamama,1815
Malawi,Northern Region,Chilumba,1816
Malawi,Northern Region,Chintheche,1817
Malawi,Northern Region,Chitipa,1818
Malawi,Northern Region,Embangweni,1819
Malawi,Northern Region,Hewe,1820
Malawi,Northern Region,Karonga,1821
Malawi,Northern Region,Misuku,1822
Malawi,Northern Region,Mpamba,1823
Malawi,Northern Region,Mzimba,1824
Malawi,Northern Region,Mzuzu,1825
Malawi,Northern Region,Nkhata Bay,1826
Malawi,Northern Region,Nthalire,1827
Malawi,Northern Region,Rumphi,1828
Malawi,Northern Region,Jenda,1829
Malawi,Southern Region,Balaka,1830
Malawi,Southern Region,Bangula,1831
Malawi,Southern Region,Bvumbwe,1832
Malawi,Southern Region,Chikwawa,1833
Malawi,Southern Region,Chiradzulu,1834
Malawi,Southern Region,Jali,1835
Malawi,Southern Region,Limbe,1836
Malawi,Southern Region,Liwonde,1837
Malawi,Southern Region,Luchenza,1838
Malawi,Southern Region,Lunzu,1839
Malawi,Southern Region,Mangochi,1840
Malawi,Southern Region,Mayaka,1841
Malawi,Southern Region,Monkey Bay,1842
Malawi,Southern Region,Muloza,1843
Malawi,Southern Region,Mwanza,1844
Malawi,Southern Region,Namwera,1845
Malawi,Southern Region,Nchalo,1846
Malawi,Southern Region,Neno,1847
Malawi,Southern Region,Ngabu,1848
Malawi,Southern Region,Sorgin,1849
Malawi,Southern Region,Ntaja,1850
Malawi,Southern Region,Phalombe,1851
Malawi,Southern Region,Thondwe,1852
Malawi,Southern Region,Zomba,1853
Malawi,Southern Region,Migowi,1854
Malawi,Southern Region,Chilinga,1855
Malawi,Southern Region,Nsanje,1856
Mali,Bamako,Bamako,1857
Mali,Bamako,Niarela,1858
Mali,Bamako,Badalabougou,1859
Mali,Bamako,Dibida,1860
Mali,Bamako,Djikoroni,1861
Mali,Bamako,Fadjiguila,1862
Mali,Bamako,Lafiabougou,1863
Mali,Bamako,Magnambougou,1864
Mali,Bamako,Medine,1865
Mali,Bamako,Niamakoro,1866
Mali,Bamako,Ouolofobougou,1867
Mali,Bamako,Sogoniko,1868
Mali,Gao,Gao,1869
Mali,Gao,Ansongo,1870
Mali,Gao,Anderamboukane,1871
Mali,Gao,Bourem,1872
Mali,Gao,Djebock,1873
Mali,Gao,Forgho,1874
Mali,Gao,Haoussa Foulane,1875
Mali,Gao,Menaka,1876
Mali,Gao,Ouani,1877
Mali,Gao,Ouattagouna,1878
Mali,Gao,Taboye,1879
Mali,Gao,Temera,1880
Mali,Kayes,Kayes Centre,1881
Mali,Kayes,Badinko,1882
Mali,Kayes,Diéma,1883
Mali,Kayes,Kayes N'Dy,1884
Mali,Kayes,Kayes Plateau,1885
Mali,Kayes,Kita,1886
Mali,Kayes,Nioro,1887
Mali,Kidal,Kidal,1888
Mali,Kidal,Tessalit,1889
Mali,Koulikoro,Koulikoro Ba,1890
Mali,Koulikoro,Dioïla,1891
Mali,Koulikoro,Faladié,1892
Mali,Koulikoro,Fana,1893
Mali,Koulikoro,Koulikoro Gare,1894
Mali,Koulikoro,Nara,1895
Mali,Koulikoro,Sirakorola,1896
Mali,Koulikoro,Kati,1897
Mali,Koulikoro,Kouremalé,1898
Mali,Koulikoro,Ouelessebougou,1899
Mali,Koulikoro,Kolokani,1900
Mali,Mopti,Mopti Digue,1901
Mali,Mopti,Bandiagara,1902
Mali,Mopti,Bankass,1903
Mali,Mopti,Diallassagou,1904
Mali,Mopti,Djenne,1905
Mali,Mopti,Koulogon,1906
Mali,Mopti,Mopti Guangal,1907
Mali,Mopti,Koro,1908
Mali,Mopti,Youwarou,1909
Mali,Mopti,Boni,1910
Mali,Mopti,Diafarabe,1911
Mali,Mopti,Diondiori,1912
Mali,Mopti,Douentza,1913
Mali,Mopti,Gathie Loumo,1914
Mali,Mopti,Hombori,1915
Mali,Mopti,Kikara,1916
Mali,Mopti,Tenenkou,1917
Mali,Mopti,Toguere Coumbe,1918
Mali,Segou,Bla,1919
Mali,Segou,Diakawèrè,1920
Mali,Segou,Dioro,1921
Mali,Segou,Dogofri,1922
Mali,Segou,Dougouolo,1923
Mali,Segou,Fatiné,1924
Mali,Segou,Monimpébougou,1925
Mali,Segou,Niono,1926
Mali,Segou,San,1927
Mali,Segou,Ségou Château,1928
Mali,Segou,Shiango,1929
Mali,Segou,Sokolo,1930
Mali,Segou,Touna,1931
Mali,Segou,Macina,1932
Mali,Segou,Kourouma,1933
Mali,Sikasso,Sikasso Centre,1934
Mali,Sikasso,Bougouni,1935
Mali,Sikasso,Koumantou,1936
Mali,Sikasso,Koury,1937
Mali,Sikasso,Koutiala,1938
Mali,Sikasso,Loulouni,1939
Mali,Sikasso,M'Pèssoba,1940
Mali,Sikasso,Ségou Centre,1941
Mali,Sikasso,Sikasso Médine,1942
Mali,Sikasso,Zangasso,1943
Mali,Sikasso,Yanfolila,1944
Mali,Sikasso,Yorosso,1945
Mali,Sikasso,Kifosso,1946
Mali,Tombouctou,Tombouctou,1947
Mali,Tombouctou,Diré,1948
Mali,Tombouctou,Léré,1949
Mali,Tombouctou,Tonka,1950
Mali,Tombouctou,Bambara Maoudé,1951
Mali,Tombouctou,Bancoma,1952
Mali,Tombouctou,Bourem Inaly,1953
Mali,Tombouctou,Douekire,1954
Mali,Tombouctou,Gounambougou,1955
Mali,Tombouctou,Goundam,1956
Mali,Tombouctou,Gourma Rharous,1957
Mali,Tombouctou,Niafunke,1958
Mali,Tombouctou,Sareyamou,1959
Mauritania,Adrar,Aoujeft,1960
Mauritania,Adrar,Atar,1961
Mauritania,Adrar,Ouadane,1962
Mauritania,Assaba,Kankossa,1963
Mauritania,Assaba,Barkeol,1964
Mauritania,Assaba,Kiffa,1965
Mauritania,Brakna,Boghé,1966
Mauritania,Brakna,Magta-lahjar,1967
Mauritania,Brakna,Aleg,1968
Mauritania,Brakna,Mbagne,1969
Mauritania,Dakhlet-Nouadhibou,Nouadhibou,1970
Mauritania,Gorgol,Toufoundé-Civé,1971
Mauritania,Gorgol,Lexeiba1,1972
Mauritania,Gorgol,Maghama,1973
Mauritania,Gorgol,Mbout,1974
Mauritania,Guidimakha,Djougountourou,1975
Mauritania,Guidimakha,Ould Yenge,1976
Mauritania,Guidimakha,Selibaby,1977
Mauritania,Guidimakha,Wompou,1978
Mauritania,Hodh Ech Chargi,Adel Bagrou,1979
Mauritania,Hodh Ech Chargi,Nema,1980
Mauritania,Hodh Ech Chargi,Vassala,1981
Mauritania,Hodh El Gharbi,Tentane,1982
Mauritania,Hodh El Gharbi,Twil,1983
Mauritania,Nouakchott,Nouakchott,1984
Mauritania,Nouakchott,Socogim,1985
Mauritania,Tagant,Moudjeria,1986
Mauritania,Tagant,Tidjikja,1987
Mauritania,Tiris-Zemmour,Zoueiratt,1988
Mauritania,Trarza,Mederdra,1989
Mauritania,Trarza,Ndiago,1990
Mozambique,NA,National Average,1991
Mozambique,NA,Pemba,1992
Mozambique,NA,Montepuez,1993
Mozambique,NA,Chokwe,1994
Mozambique,NA,Xai Xai,1995
Mozambique,NA,Inhambane,1996
Mozambique,NA,Massinga,1997
Mozambique,NA,Maxixe,1998
Mozambique,NA,Manica,1999
Mozambique,NA,Chimoio,2000
Mozambique,NA,Maputo,2001
Mozambique,NA,Nampula,2002
Mozambique,NA,Nacala,2003
Mozambique,NA,Ribaue,2004
Mozambique,NA,Lichinga,2005
Mozambique,NA,Cuamba,2006
Mozambique,NA,Beira,2007
Mozambique,NA,Gorongoza,2008
Mozambique,NA,Nhamatanda,2009
Mozambique,NA,Angónia,2010
Mozambique,NA,Mutarara,2011
Mozambique,NA,Tete,2012
Mozambique,NA,Milange,2013
Mozambique,NA,Alto Molócuè,2014
Mozambique,NA,Mocuba,2015
Mozambique,NA,Quelimane,2016
Myanmar,Rakhine,Alel Than Kyaw,2017
Myanmar,Rakhine,Buthidaung,2018
Myanmar,Rakhine,Inn Din,2019
Myanmar,Rakhine,Kha Mauck Siek,2020
Myanmar,Rakhine,Kyein Chung,2021
Myanmar,Rakhine,Maungdaw,2022
Myanmar,Rakhine,Min Kan,2023
Myanmar,Rakhine,Myin Hlut,2024
Myanmar,Rakhine,Nga Khu Ra,2025
Myanmar,Rakhine,Nyaung Chung,2026
Myanmar,Rakhine,Rathedaung,2027
Myanmar,Rakhine,Taung Bazzar,2028
Myanmar,Rakhine,Taung Pyo Let Wai,2029
Myanmar,Rakhine,Zedi Pyin,2030
Myanmar,Chin,Falam,2031
Myanmar,Chin,Hakha,2032
Myanmar,Chin,Hnaring,2033
Myanmar,Chin,Lungngo,2034
Myanmar,Chin,Matupi,2035
Myanmar,Chin,Tonzang,2036
Myanmar,Chin,Razua,2037
Myanmar,Chin,Tedim,2038
Myanmar,Chin,Ramci,2039
Myanmar,Chin,Thantlang,2040
Myanmar,Kachin,Garayang,2041
Myanmar,Kachin,Moe Mauk,2042
Myanmar,Kachin,Nam San Yang,2043
Myanmar,Kachin,Sadung,2044
Myanmar,Kachin,Sai Law,2045
Myanmar,Kachin,Wai Maw,2046
Myanmar,Kachin,Bhamo,2047
Myanmar,Kachin,Mansi,2048
Myanmar,Kachin,Shwegu,2049
Myanmar,Magway,Gangaw,2050
Myanmar,Magway,Magway,2051
Myanmar,Magway,Pakhangyi,2052
Myanmar,Magway,Yenanchaung,2053
Myanmar,Magway,Myit Chae,2054
Myanmar,Magway,Htilin,2055
Myanmar,Magway,Yaesagyo,2056
Myanmar,Magway,Pakokku,2057
Myanmar,Sagaing,Kalay,2058
Myanmar,Taninthayi,Mindat,2059
Myanmar,Shan (E),Chying Thung,2060
Myanmar,Shan (E),Man Tone,2061
Myanmar,Shan (N),Honai,2062
Myanmar,Shan (N),Kaung Ming Sang,2063
Myanmar,Shan (N),Kong Chang,2064
Myanmar,Shan (N),KonKyan,2065
Myanmar,Shan (N),Long Tan,2066
Myanmar,Shan (N),Man Pan,2067
Myanmar,Shan (N),Man Ton Pa,2068
Myanmar,Shan (N),Morhtai,2069
Myanmar,Shan (N),Pang Kham,2070
Myanmar,Shan (N),Pang Yang,2071
Myanmar,Shan (N),Wein Kao,2072
Myanmar,Shan (N),Mone Koe,2073
Myanmar,Shan (N),Mone Baw,2074
Myanmar,Shan (N),Nampatkhar,2075
Myanmar,Shan (N),Mone Yar,2076
Myanmar,Shan (N),Par Sin Kyaw,2077
Myanmar,Shan (N),Tar Shwe Tang,2078
Myanmar,Shan (N),Shaokai,2079
Myanmar,Shan (N),Shin Pin Kai,2080
Myanmar,Shan (N),Tuan Jie Cun,2081
Myanmar,Shan (N),Laukai,2082
Myanmar,Shan (N),Lashio,2083
Myanmar,Shan (N),Tangyan,2084
Myanmar,Shan (N),Muse,2085
Myanmar,Shan (N),Kutkai,2086
Myanmar,Shan (S),Nam Kam,2087
Myanmar,Shan (N),Ying Phan,2088
Myanmar,Shan (N),Ai Cheng,2089
Myanmar,Shan (N),Wang Leng,2090
Myanmar,Shan (N),Ban Wai,2091
Myanmar,Shan (S),Hsihseng,2092
Myanmar,Shan (S),Taunggyi,2093
Myanmar,Shan (S),Site Kuang,2094
Myanmar,Shan (S),Phekhon,2095
Myanmar,Shan (S),Hopone,2096
Nepal,Central,Kathmandu,2097
Nepal,Central,Ramechap,2098
Nepal,Central,Chitwan,2099
Nepal,Central,Dhanusha,2100
Nepal,Central,Parsa,2101
Nepal,Eastern,Bhojpur,2102
Nepal,Eastern,Dhankuta,2103
Nepal,Eastern,Illam,2104
Nepal,Eastern,Jhapa,2105
Nepal,Eastern,Morang,2106
Nepal,Far Western,Achham,2107
Nepal,Far Western,Doti,2108
Nepal,Far Western,Kailali,2109
Nepal,Mid Western,Jumla,2110
Nepal,Mid Western,Rolpa,2111
Nepal,Mid Western,Surkhet,2112
Nepal,Mid Western,Banke,2113
Nepal,Western,Kaski,2114
Nepal,Western,Nuwakot,2115
Nepal,Western,Palpa,2116
Nepal,Western,Rupandehi,2117
Nicaragua,NA,National Average,2118
Nicaragua,NA,National Average (excl. capital),2119
Nicaragua,NA,Managua,2120
Niger,Agadez,Aderbissinat,2121
Niger,Agadez,Agadez Commune,2122
Niger,Agadez,Arlit,2123
Niger,Agadez,Ingall,2124
Niger,Diffa,Diffa Commune,2125
Niger,Diffa,Goudoumaria,2126
Niger,Diffa,Maine Soroa,2127
Niger,Diffa,Nguigmi,2128
Niger,Diffa,Chetimari,2129
Niger,Dosso,Birnin Gaoure,2130
Niger,Dosso,Dogon Kiria,2131
Niger,Dosso,Dogondoutchi,2132
Niger,Dosso,Dosso Commune,2133
Niger,Dosso,Falwel,2134
Niger,Dosso,Gaya,2135
Niger,Dosso,Loga,2136
Niger,Dosso,Mokko,2137
Niger,Maradi,Chadakori,2138
Niger,Maradi,Dan Issa,2139
Niger,Maradi,Dan-Goulbi,2140
Niger,Maradi,Garare,2141
Niger,Maradi,Guidan Roumdji,2142
Niger,Maradi,Kanembakache,2143
Niger,Maradi,Kornaka,2144
Niger,Maradi,Maidjirgui,2145
Niger,Maradi,Maradi Commune,2146
Niger,Maradi,Mayahi,2147
Niger,Maradi,Sabon Machi,2148
Niger,Maradi,Tchadoua,2149
Niger,Maradi,Tessaoua,2150
Niger,Maradi,Dakoro,2151
Niger,Niamey,Bonkaney,2152
Niger,Niamey,Harobanda,2153
Niger,Niamey,Katako,2154
Niger,Niamey,Petit Marche,2155
Niger,Niamey,Wadata,2156
Niger,Tahoua,Abalak,2157
Niger,Tahoua,Badaguichiri,2158
Niger,Tahoua,Bouza,2159
Niger,Tahoua,Galmi,2160
Niger,Tahoua,Garhanga,2161
Niger,Tahoua,Jataka,2162
Niger,Tahoua,Kaou,2163
Niger,Tahoua,Karofane,2164
Niger,Tahoua,Keita,2165
Niger,Tahoua,Konni,2166
Niger,Tahoua,Ourno,2167
Niger,Tahoua,Tahoua Commune,2168
Niger,Tahoua,Tchintabaraden,2169
Niger,Tahoua,Tounfafi,2170
Niger,Tahoua,Nguel Kolo,2171
Niger,Tillaberi,Abala,2172
Niger,Tillaberi,Ayorou,2173
Niger,Tillaberi,Bankilare,2174
Niger,Tillaberi,Bonfeba,2175
Niger,Tillaberi,Filingue,2176
Niger,Tillaberi,Gotheye,2177
Niger,Tillaberi,Kirtachi,2178
Niger,Tillaberi,Mangaize,2179
Niger,Tillaberi,Ouallam,2180
Niger,Tillaberi,Tera,2181
Niger,Tillaberi,Torodi,2182
Niger,Tillaberi,Balayara,2183
Niger,Tillaberi,Tillaberi Commune,2184
Niger,Zinder,Bakin Birgi,2185
Niger,Zinder,Dole,2186
Niger,Zinder,Dungass,2187
Niger,Zinder,Goure,2188
Niger,Zinder,Guidiguir,2189
Niger,Zinder,Guidimouni,2190
Niger,Zinder,Kazoe,2191
Niger,Zinder,Koundoumaoua,2192
Niger,Zinder,Magaria,2193
Niger,Zinder,Matameye,2194
Niger,Zinder,Sassoumbroum,2195
Niger,Zinder,Soubdou,2196
Niger,Zinder,Tanout,2197
Niger,Zinder,Zinder Commune,2198
Nigeria,Adamawa,Mubi,2199
Nigeria,Borno,Damassack (CBM),2200
Nigeria,Borno,Biu,2201
Nigeria,Borno,Maiduguri,2202
Nigeria,Jigawa,Mai Gatari (CBM),2203
Nigeria,Jigawa,Gujungu,2204
Nigeria,Kaduna,Giwa,2205
Nigeria,Kaduna,Saminaka,2206
Nigeria,Kano,Dawanau,2207
Nigeria,Katsina,Jibia (CBM),2208
Nigeria,Katsina,Mai Adoua (CBM),2209
Nigeria,Katsina,Dandume,2210
Nigeria,Kebbi,Gwandu,2211
Nigeria,Lagos,Lagos,2212
Nigeria,Oyo,Ibadan,2213
Nigeria,Yobe,Damaturu,2214
Nigeria,Yobe,Potiskum,2215
Nigeria,Abia,Aba,2216
Nigeria,Gombe,Gombe,2217
Nigeria,Sokoto,Illela (CBM),2218
Nigeria,Zamfara,Kaura Namoda,2219
Pakistan,Balochistan,Quetta,2220
Pakistan,Khyber Pakhtunkhwa,Peshawar,2221
Pakistan,Punjab,Lahore,2222
Pakistan,Punjab,Multan,2223
Pakistan,Sindh,Karachi,2224
Panama,NA,National Average,2225
Peru,Lima,Lima,2226
Philippines,Cordillera Administrative region (CAR),La Trinidad,2227
Philippines,National Capital region (NCR),Manila,2228
Philippines,Region I (Ilocos region),Lingayen,2229
Philippines,Region II (Cagayan Valley),Tuguegarao,2230
Philippines,Region V (Bicol region),Legazpi,2231
Philippines,Region VI (Western Visayas),Iloilo City,2232
Philippines,Region VII (Central Visayas),Cebu City,2233
Philippines,Region VIII (Eastern Visayas),Catarman,2234
Philippines,Region XIII (Caraga),Tandag,2235
Philippines,Autonomous region in Muslim Mindanao (ARMM),Shariff Aguak,2236
Philippines,Region IX (Zamboanga Peninsula),Zamboanga City,2237
Philippines,Region X (Northern Mindanao),Tubod,2238
Philippines,Region XI (Davao Region),Davao City,2239
Philippines,Region XII (Soccsksargen),Koronadal,2240
Philippines,Region III (Central Luzon),Palayan,2241
Philippines,Region IV-A (Calabarzon),Santa Cruz,2242
Philippines,Region IV (Southern Tagalog),Puerto Princesa,2243
Rwanda,Kigali City/Umujyi wa Kigali,Gahanga,2244
Rwanda,Kigali City/Umujyi wa Kigali,Kicukiro,2245
Rwanda,Kigali City/Umujyi wa Kigali,Kimisagara,2246
Rwanda,Kigali City/Umujyi wa Kigali,Mulindi,2247
Rwanda,Kigali City/Umujyi wa Kigali,Nyabugogo,2248
Rwanda,Kigali City/Umujyi wa Kigali,Nyamirambo,2249
Rwanda,Kigali City/Umujyi wa Kigali,Nyarugenge,2250
Rwanda,East/Iburasirazuba,Gatore,2251
Rwanda,East/Iburasirazuba,Kabarondo,2252
Rwanda,East/Iburasirazuba,Kibungo,2253
Rwanda,East/Iburasirazuba,Kiramuruzi,2254
Rwanda,East/Iburasirazuba,Musha,2255
Rwanda,East/Iburasirazuba,Nyagatare,2256
Rwanda,East/Iburasirazuba,Nyamata,2257
Rwanda,East/Iburasirazuba,Ruhuha,2258
Rwanda,East/Iburasirazuba,Rukomo,2259
Rwanda,East/Iburasirazuba,Rwagitima,2260
Rwanda,East/Iburasirazuba,Rwamagana,2261
Rwanda,East/Iburasirazuba,Batiment,2262
Rwanda,East/Iburasirazuba,Kimironko,2263
Rwanda,East/Iburasirazuba,Kinazi,2264
Rwanda,East/Iburasirazuba,Rusumo,2265
Rwanda,East/Iburasirazuba,Ntunga,2266
Rwanda,East/Iburasirazuba,Matimba,2267
Rwanda,North/Amajyaruguru,Base,2268
Rwanda,North/Amajyaruguru,Byangabo,2269
Rwanda,North/Amajyaruguru,Byumba,2270
Rwanda,North/Amajyaruguru,Gakenke,2271
Rwanda,North/Amajyaruguru,Gaseke,2272
Rwanda,North/Amajyaruguru,Mukarange,2273
Rwanda,North/Amajyaruguru,Musanze,2274
Rwanda,North/Amajyaruguru,Rugarama,2275
Rwanda,North/Amajyaruguru,Ruhengeri,2276
Rwanda,North/Amajyaruguru,Rushashi,2277
Rwanda,North/Amajyaruguru,Karenge,2278
Rwanda,North/Amajyaruguru,Ruhango,2279
Rwanda,North/Amajyaruguru,Nkora,2280
Rwanda,North/Amajyaruguru,Muhondo,2281
Rwanda,North/Amajyaruguru,Gacurabwenge,2282
Rwanda,North/Amajyaruguru,Rusine,2283
Rwanda,South/Amajyepfo,Butare,2284
Rwanda,South/Amajyepfo,Gasarenda,2285
Rwanda,South/Amajyepfo,Gashyushya,2286
Rwanda,South/Amajyepfo,Gikongoro,2287
Rwanda,South/Amajyepfo,Kabacuzi,2288
Rwanda,South/Amajyepfo,Kayenzi,2289
Rwanda,South/Amajyepfo,Kibirizi,2290
Rwanda,South/Amajyepfo,Ndago,2291
Rwanda,South/Amajyepfo,Nyanza,2292
Rwanda,South/Amajyepfo,Rugogwe,2293
Rwanda,South/Amajyepfo,Buhanda,2294
Rwanda,South/Amajyepfo,Huye,2295
Rwanda,South/Amajyepfo,Mugina,2296
Rwanda,South/Amajyepfo,Muhanga,2297
Rwanda,South/Amajyepfo,Nkoto,2298
Rwanda,South/Amajyepfo,Karambi,2299
Rwanda,South/Amajyepfo,Kizi,2300
Rwanda,South/Amajyepfo,Miko,2301
Rwanda,West/Iburengerazuba,Birambo,2302
Rwanda,West/Iburengerazuba,Bugarama,2303
Rwanda,West/Iburengerazuba,Bushenge,2304
Rwanda,West/Iburengerazuba,Congo - Nil,2305
Rwanda,West/Iburengerazuba,Gakeli,2306
Rwanda,West/Iburengerazuba,Gisenyi,2307
Rwanda,West/Iburengerazuba,Kabaya,2308
Rwanda,West/Iburengerazuba,Kamembe,2309
Rwanda,West/Iburengerazuba,Kirambo,2310
Rwanda,West/Iburengerazuba,Kora,2311
Rwanda,West/Iburengerazuba,Mahoko,2312
Rwanda,West/Iburengerazuba,Mukamira,2313
Rwanda,West/Iburengerazuba,Nyagahanika,2314
Rwanda,West/Iburengerazuba,Nyakarambi,2315
Rwanda,West/Iburengerazuba,Rambura,2316
Rwanda,West/Iburengerazuba,Rubavu,2317
Rwanda,West/Iburengerazuba,Ngororero,2318
Rwanda,West/Iburengerazuba,Vunga,2319
Rwanda,West/Iburengerazuba,Kibuye,2320
Rwanda,West/Iburengerazuba,Bumazi,2321
Senegal,Kedougou,Kedougou,2322
Senegal,Kedougou,Salémata,2323
Senegal,Kedougou,Mako,2324
Senegal,Sedhiou,Sedhiou,2325
Senegal,Kaffrine,Kaffrine,2326
Senegal,Kaffrine,Koungueul,2327
Senegal,Kaffrine,Mabo,2328
Senegal,Kaffrine,Dioli Mandakh,2329
Senegal,Kaffrine,Birkelane,2330
Senegal,Dakar,Castors,2331
Senegal,Dakar,Dakar,2332
Senegal,Dakar,Thiaroye,2333
Senegal,Dakar,Tilene,2334
Senegal,Dakar,Gueule Tapee,2335
Senegal,Kaolack,Kaolack,2336
Senegal,Kaolack,Porokhane,2337
Senegal,Kaolack,Ndrame Escale,2338
Senegal,Kaolack,N'Doffane,2339
Senegal,Kaolack,Diama Gadio,2340
Senegal,Kolda,Diaobe,2341
Senegal,Kolda,Kolda,2342
Senegal,Kolda,Sare Yoba,2343
Senegal,Tambacounda,Bakel,2344
Senegal,Tambacounda,Kouthiaba,2345
Senegal,Tambacounda,Mereto,2346
Senegal,Tambacounda,Tambacounda,2347
Senegal,Thies,Mbafaye,2348
Senegal,Thies,Thies,2349
Senegal,Thies,Thilmakha,2350
Senegal,Thies,Touba Toul,2351
Senegal,Ziguinchor,Bignona,2352
Senegal,Ziguinchor,Oussouye,2353
Senegal,Ziguinchor,Zigiunchor,2354
Senegal,Ziguinchor,Saint-Maur,2355
Senegal,Diourbel,Bambey,2356
Senegal,Diourbel,Diourbel,2357
Senegal,Diourbel,Ndindy,2358
Senegal,Diourbel,Touba,2359
Senegal,Diourbel,Sandjara,2360
Senegal,Fatick,Diakhao,2361
Senegal,Fatick,Fatick,2362
Senegal,Fatick,Gossas,2363
Senegal,Fatick,Keur I. Yacine,2364
Senegal,Fatick,Mbar,2365
Senegal,Fatick,Passy,2366
Senegal,Fatick,Missirah,2367
Senegal,Louga,Gouille Mbeuth,2368
Senegal,Louga,Louga,2369
Senegal,Louga,Ndiagne,2370
Senegal,Louga,Sagatta,2371
Senegal,Matam,Matam,2372
Senegal,Matam,Orkodiere,2373
Senegal,Matam,Ourossogui,2374
Senegal,Matam,Thiodaye,2375
Senegal,Matam,Velingara,2376
Senegal,Saint louis,Dagana,2377
Senegal,Saint louis,Mpal,2378
Senegal,Saint louis,Saint-Louis,2379
Senegal,Saint louis,Thille Boubacar,2380
Senegal,Saint louis,Dodel,2381
Senegal,Saint louis,Galoya,2382
Senegal,Saint louis,Rosso,2383
Sierra Leone,Eastern,Kenema,2384
Sierra Leone,Eastern,Kailahun,2385
Sierra Leone,Eastern,Kono,2386
Sierra Leone,Northern,Port Loko,2387
Sierra Leone,Northern,Koinadugu,2388
Sierra Leone,Northern,Bombali,2389
Sierra Leone,Northern,Tonkolili,2390
Sierra Leone,Northern,Kambia,2391
Sierra Leone,Southern,Bo,2392
Sierra Leone,Southern,Pujehun,2393
Sierra Leone,Southern,Bonthe,2394
Sierra Leone,Southern,Moyamba,2395
Sierra Leone,Western Area,Freetown,2396
Somalia,Awdal,Borama,2397
Somalia,Bakool,Xudur,2398
Somalia,Bari,Bossaso,2399
Somalia,Bari,Qardho,2400
Somalia,Bay,Baidoa,2401
Somalia,Banadir,Mogadishu,2402
Somalia,Banadir,Karaan,2403
Somalia,Galgaduud,Dhuusamarreeb,2404
Somalia,Gedo,Doolow,2405
Somalia,Hiraan,Beletweyne,2406
Somalia,Hiraan,Buloburto,2407
Somalia,Juba Hoose,Kismayo,2408
Somalia,Juba Hoose,Afmadow,2409
Somalia,Shabelle Hoose,Afgooye,2410
Somalia,Shabelle Dhexe,Jowhar,2411
Somalia,Shabelle Dhexe,Balcad,2412
Somalia,Mudug,Gaalkacyo,2413
Somalia,Mudug,Jariiban,2414
Somalia,Nugaal,Garowe,2415
Somalia,Nugaal,Eyl,2416
Somalia,Sanaag,Ceerigaabo,2417
Somalia,Togdheer,Burco,2418
Somalia,Woqooyi Galbeed,Hargeysa,2419
South Sudan,NA,National Average,2420
South Sudan,NA,Rumbek,2421
South Sudan,NA,Mingkaman,2422
South Sudan,NA,Bentiu,2423
South Sudan,NA,Yida,2424
South Sudan,NA,Konyo Konyo,2425
South Sudan,NA,Torit,2426
South Sudan,NA,Bor,2427
South Sudan,NA,Aweil (Town),2428
South Sudan,NA,Kuajok,2429
South Sudan,NA,Wunrok,2430
South Sudan,NA,Jau,2431
South Sudan,NA,Yambio,2432
South Sudan,NA,Malakal,2433
Sri Lanka,NA,National Average,2434
Sri Lanka,NA,Kandy,2435
Sri Lanka,NA,Matale,2436
Sri Lanka,NA,Nuwara Eliya,2437
Sri Lanka,NA,Ampara,2438
Sri Lanka,NA,Batticaloa,2439
Sri Lanka,NA,Trincomalee,2440
Sri Lanka,NA,Polonnaruwa,2441
Sri Lanka,NA,Anuradhapura,2442
Sri Lanka,NA,Kurunegala,2443
Sri Lanka,NA,Puttalm,2444
Sri Lanka,NA,Jaffna,2445
Sri Lanka,NA,Kilinochchi,2446
Sri Lanka,NA,Mannar,2447
Sri Lanka,NA,Mulaitivu,2448
Sri Lanka,NA,Vavuniya,2449
Sri Lanka,NA,Kegalle,2450
Sri Lanka,NA,Rathnapura,2451
Sri Lanka,NA,Hambantota,2452
Sri Lanka,NA,Galle,2453
Sri Lanka,NA,Matara,2454
Sri Lanka,NA,Monaragala,2455
Sri Lanka,NA,Badulla,2456
Sri Lanka,NA,Colombo City,2457
Sri Lanka,NA,Gampaha,2458
Sri Lanka,NA,Kalutara,2459
State of Palestine,Gaza,Gaza,2460
State of Palestine,Jabalya,Gaza North,2461
State of Palestine,Rafah,Rafah,2462
State of Palestine,Al Khalil (Hebron),Hebron,2463
State of Palestine,Ariha (Jericho),Jericho,2464
State of Palestine,Bethlehem,Bethlehem,2465
State of Palestine,Jenin,Jenin,2466
State of Palestine,Nablus,Nablus,2467
State of Palestine,Qalqiliya,Qalqiliya,2468
State of Palestine,Ramallah,Ramallah,2469
State of Palestine,Tulkarm,Tulkarem,2470
Sudan,Blue Nile,Damazin,2471
Sudan,Kassala,Kassala,2472
Sudan,North Kordofan,El Obeid,2473
Sudan,North Darfur,Al Fashir,2474
Sudan,South Kordofan,Kadugli,2475
Sudan,South Darfur,Eddein,2476
Sudan,South Darfur,Nyala,2477
Sudan,West Kordofan,El Fula,2478
Sudan,West Darfur,El Geneina,2479
Sudan,West Darfur,Zalingi,2480
Sudan,White Nile,Kosti,2481
Sudan,Red Sea,Port Sudan,2482
Swaziland,NA,National Average,2483
Syrian Arab Republic,Al_Qunaytirah,Khan Arnaba,2484
Syrian Arab Republic,Al_Qunaytirah,Rafid,2485
Syrian Arab Republic,Al_Qunaytirah,Al Fiq,2486
Syrian Arab Republic,Aleppo,Aleppo,2487
Syrian Arab Republic,Aleppo,Manbej,2488
Syrian Arab Republic,Aleppo,Al-Bab,2489
Syrian Arab Republic,Aleppo,Moghambo,2490
Syrian Arab Republic,Aleppo,Al-Cha'ar,2491
Syrian Arab Republic,Aleppo,Nabul,2492
Syrian Arab Republic,Aleppo,A’zaz,2493
Syrian Arab Republic,Aleppo,Afrin,2494
Syrian Arab Republic,As_Suweida,Shahba,2495
Syrian Arab Republic,As_Suweida,As-Sweida,2496
Syrian Arab Republic,City_Damascus,Sheikh Saed,2497
Syrian Arab Republic,City_Damascus,Zablatani,2498
Syrian Arab Republic,City_Damascus,Shrebishat,2499
Syrian Arab Republic,City_Damascus,Damascus,2500
Syrian Arab Republic,Damascus,Qudsiya,2501
Syrian Arab Republic,Damascus,Hajar Aswad,2502
Syrian Arab Republic,Damascus,Jaramana,2503
Syrian Arab Republic,Damascus,At Tall,2504
Syrian Arab Republic,Damascus,Eastern Ghouta,2505
Syrian Arab Republic,Dara,Dar'a,2506
Syrian Arab Republic,Dara,Mzeireb,2507
Syrian Arab Republic,Dara,Hrak,2508
Syrian Arab Republic,Dara,Dar'a (XB),2509
Syrian Arab Republic,Dara,Jizeh,2510
Syrian Arab Republic,Dayr_Az_Zor,Deir-ez-Zor,2511
Syrian Arab Republic,Dayr_Az_Zor,Almayadin,2512
Syrian Arab Republic,Hama,Hama,2513
Syrian Arab Republic,Hama,Masyaf,2514
Syrian Arab Republic,Hama,As-Salamiyeh,2515
Syrian Arab Republic,Hassakeh,Al-Hasakeh,2516
Syrian Arab Republic,Hassakeh,Quamishli,2517
Syrian Arab Republic,Hassakeh,Kamishly,2518
Syrian Arab Republic,Homs,Homs,2519
Syrian Arab Republic,Homs,Ekrema,2520
Syrian Arab Republic,Homs,Qaryatein,2521
Syrian Arab Republic,Homs,Jandar,2522
Syrian Arab Republic,Homs,Al-Rastan,2523
Syrian Arab Republic,Homs,Talbiseh,2524
Syrian Arab Republic,Homs,Inshaat,2525
Syrian Arab Republic,Homs,Al-Waer,2526
Syrian Arab Republic,Homs,Al-Houla,2527
Syrian Arab Republic,Idleb,Idleb,2528
Syrian Arab Republic,Idleb,Bennsh,2529
Syrian Arab Republic,Lattakia,Lattakia,2530
Syrian Arab Republic,Lattakia,Jablah,2531
Syrian Arab Republic,Lattakia,Hiffeh,2532
Syrian Arab Republic,Raqqa,Ar-Raqqa,2533
Syrian Arab Republic,Raqqa,Tell Abiad,2534
Syrian Arab Republic,Tartous,Tartous,2535
Syrian Arab Republic,Tartous,Banias,2536
Syrian Arab Republic,Tartous,Safita,2537
Syrian Arab Republic,Tartous,Mashta Elhiu,2538
Tajikistan,NA,National Average,2539
Tajikistan,NA,Khorog,2540
Tajikistan,NA,Kurgan-Tyube,2541
Tajikistan,NA,Khujand,2542
Tajikistan,NA,Dushanbe,2543
Tajikistan,NA,Gharm,2544
Timor-Leste,Baucau,Baucau,2545
Timor-Leste,Baucau,Laga,2546
Timor-Leste,Baucau,Venilale,2547
Timor-Leste,Bobonaro,Balibo,2548
Timor-Leste,Bobonaro,Cailaco,2549
Timor-Leste,Bobonaro,Maliana,2550
Timor-Leste,Dili,Becora,2551
Timor-Leste,Dili,Comoro,2552
Timor-Leste,Dili,Hali-Laren,2553
Timor-Leste,Dili,Dili,2554
Timor-Leste,Oecussi,Baqui,2555
Timor-Leste,Oecussi,Numbey,2556
Timor-Leste,Oecussi,Pune,2557
Turkey,NA,National Average,2558
Turkey,NA,Ankara,2559
Turkey,NA,Istanbul,2560
Turkey,NA,Izmir,2561
Uganda,Kween,Kapchorwa,2562
Uganda,Kyankwanzi,Kiboga,2563
Uganda,Gulu,Gulu,2564
Uganda,Jinja,Jinja,2565
Uganda,Iganga,Iganga,2566
Uganda,Kampala,Owino,2567
Uganda,Lira,Lira,2568
Uganda,Mbarara,Mbarara,2569
Ukraine,NA,National Average,2570
Ukraine,NA,Cherkasy,2571
Ukraine,NA,Chernihiv,2572
Ukraine,NA,Chernivtsi,2573
Ukraine,NA,Dnipropetrovsk,2574
Ukraine,NA,Donetska,2575
Ukraine,NA,Ivano-Frankivsk,2576
Ukraine,NA,Kharkivka,2577
Ukraine,NA,Herson,2578
Ukraine,NA,Khmelnytsky,2579
Ukraine,NA,Kirovograd,2580
Ukraine,NA,m. Sevastopol,2581
Ukraine,NA,Crimea,2582
Ukraine,NA,m. Kyiv,2583
Ukraine,NA,Kiev,2584
Ukraine,NA,Lviv,2585
Ukraine,NA,Luhanska,2586
Ukraine,NA,Mykolaiv,2587
Ukraine,NA,Odessa,2588
Ukraine,NA,Poltava,2589
Ukraine,NA,Rivne,2590
Ukraine,NA,Sums,2591
Ukraine,NA,Ternopil,2592
Ukraine,NA,Vinnitsa,2593
Ukraine,NA,Volyn,2594
Ukraine,NA,Zakarpattya,2595
Ukraine,NA,Zaporizhia,2596
Ukraine,NA,Zhytomyr,2597
United Republic of Tanzania,Arusha,Arusha,2598
United Republic of Tanzania,Dar-es-salaam,Dar Es Salaam,2599
United Republic of Tanzania,Dodoma,Dodoma,2600
United Republic of Tanzania,Iringa,Iringa,2601
United Republic of Tanzania,Kagera,Bukoba,2602
United Republic of Tanzania,Kigoma,Kigoma,2603
United Republic of Tanzania,Kilimanjaro,Moshi,2604
United Republic of Tanzania,Lindi,Lindi,2605
United Republic of Tanzania,Manyara,Babati,2606
United Republic of Tanzania,Mara,Musoma,2607
United Republic of Tanzania,Mbeya,Mbeya,2608
United Republic of Tanzania,Morogoro,Morogoro,2609
United Republic of Tanzania,Mtwara,Mtwara,2610
United Republic of Tanzania,Mwanza,Mwanza,2611
United Republic of Tanzania,Rukwa,Sumbawanga,2612
United Republic of Tanzania,Ruvuma,Songea,2613
United Republic of Tanzania,Shinyanga,Shinyanga,2614
United Republic of Tanzania,Singida,Singida,2615
United Republic of Tanzania,Tabora,Tabora,2616
United Republic of Tanzania,Tanga,Tanga,2617
United Republic of Tanzania,Geita,Geita,2618
United Republic of Tanzania,Katavi,Mpanda,2619
United Republic of Tanzania,Njombe,Njombe,2620
Yemen,Abyan,Zungubar City,2621
Yemen,Al Dhale'e,Addaleh Town,2622
Yemen,Aden,Aden City,2623
Yemen,Al Bayda,Al Bayda City,2624
Yemen,Al Hudaydah,Al Hudaydah City (Hodieda),2625
Yemen,Al Jawf,Al Hazum,2626
Yemen,Al Maharah,Al Ghaidha,2627
Yemen,Al Mahwit,Mahweet City,2628
Yemen,Amran,Amran City,2629
Yemen,Dhamar,Dhamar City,2630
Yemen,Hadramaut,Soqatra (Hudaibo),2631
Yemen,Hadramaut,Sayoun City,2632
Yemen,Hadramaut,Mukalla City,2633
Yemen,Hajjah,Haradh Town,2634
Yemen,Ibb,Ibb City,2635
Yemen,Lahj,Al Hawta Town,2636
Yemen,Marib,Marib City,2637
Yemen,Sa'ada,Sa'ada City,2638
Yemen,Sana'a,Bani Matar,2639
Yemen,Shabwah,Attaq Town,2640
Yemen,Taizz,Taizz City,2641
Yemen,Amanat Al Asimah,Sana'a City,2642
Yemen,Raymah,Al Jabeen,2643
Zambia,Central,Kabwe Rural,2644
Zambia,Central,Kabwe Urban,2645
Zambia,Central,Mkushi,2646
Zambia,Central,Mumbwa,2647
Zambia,Central,Serenje,2648
Zambia,Central,Chibombo,2649
Zambia,Central,Kabwe,2650
Zambia,Central,Kapiri-Mposhi,2651
Zambia,Central,Mambwe,2652
Zambia,Copperbelt,Chingola,2653
Zambia,Copperbelt,Kalulushi,2654
Zambia,Copperbelt,Kitwe,2655
Zambia,Copperbelt,Luanshya,2656
Zambia,Copperbelt,Mufulira,2657
Zambia,Copperbelt,Ndola Rural,2658
Zambia,Copperbelt,Chililabombwe,2659
Zambia,Copperbelt,Lufwanyama,2660
Zambia,Copperbelt,Masaiti,2661
Zambia,Copperbelt,Ndola,2662
Zambia,Copperbelt,Mpongwe,2663
Zambia,Eastern,Chipata,2664
Zambia,Eastern,Lundazi,2665
Zambia,Eastern,Chadiza,2666
Zambia,Eastern,Katete,2667
Zambia,Eastern,Petauke,2668
Zambia,Eastern,Chama,2669
Zambia,Eastern,Nyimba,2670
Zambia,Luapula,Kawambwa,2671
Zambia,Luapula,Mansa,2672
Zambia,Luapula,Mwense,2673
Zambia,Luapula,Nchelenge,2674
Zambia,Luapula,Samfya,2675
Zambia,Luapula,Chiengi,2676
Zambia,Luapula,Milenge,2677
Zambia,Lusaka,Luangwa,2678
Zambia,Lusaka,Lusaka Rural,2679
Zambia,Lusaka,Lusaka Urban,2680
Zambia,Lusaka,Chongwe,2681
Zambia,Lusaka,Kafue,2682
Zambia,Lusaka,Lusaka,2683
Zambia,North-Western,Kasempa,2684
Zambia,North-Western,Mwinilunga,2685
Zambia,North-Western,Solwezi,2686
Zambia,North-Western,Chavuma,2687
Zambia,North-Western,Kabompo,2688
Zambia,North-Western,Mufumbwe,2689
Zambia,North-Western,Zambezi,2690
Zambia,Northern,Isoka,2691
Zambia,Northern,Kasama,2692
Zambia,Northern,Luwingu,2693
Zambia,Northern,Mbala,2694
Zambia,Northern,Mpika,2695
Zambia,Northern,Chilubi,2696
Zambia,Northern,Chinsali,2697
Zambia,Northern,Kaputa,2698
Zambia,Northern,Mporokoso,2699
Zambia,Northern,Mpulungu,2700
Zambia,Northern,Mungwi,2701
Zambia,Northern,Nakonde,2702
Zambia,Southern,Choma,2703
Zambia,Southern,Kalomo,2704
Zambia,Southern,Livingstone,2705
Zambia,Southern,Mazabuka,2706
Zambia,Southern,Monze,2707
Zambia,Southern,Gwembe,2708
Zambia,Southern,Itezhi-tezhi,2709
Zambia,Southern,Kazungula,2710
Zambia,Southern,Namwala,2711
Zambia,Southern,Siavonga,2712
Zambia,Western,Kaoma,2713
Zambia,Western,Mongu,2714
Zambia,Western,Senanga,2715
Zambia,Western,Lukulu,2716
Zambia,Western,Sesheke,2717
Zambia,Western,Shang'ombo,2718
Zambia,Western,Kalabo,2719
Zimbabwe,Bulawayo,Renkini Bus Terminus,2720
Zimbabwe,Harare,Mbare,2721
Zimbabwe,Manicaland,Sakubva,2722
Zimbabwe,Manicaland,Nyanyadzi,2723
Zimbabwe,Manicaland,Checheche,2724
Zimbabwe,Manicaland,Murambinda,2725
Zimbabwe,Mashonaland Central,Bindura,2726
Zimbabwe,Mashonaland Central,Mount Darwin,2727
Zimbabwe,Mashonaland Central,Mushumbi,2728
Zimbabwe,Mashonaland Central,Mahuwe,2729
Zimbabwe,Mashonaland Central,Chikafa,2730
Zimbabwe,Mashonaland Central,Rushinga,2731
Zimbabwe,Mashonaland Central,Chimhanda,2732
Zimbabwe,Mashonaland East,Dombotombo,2733
Zimbabwe,Mashonaland East,Murehwa,2734
Zimbabwe,Mashonaland East,Kotwa,2735
Zimbabwe,Mashonaland East,Makaha,2736
Zimbabwe,Mashonaland East,Suswe,2737
Zimbabwe,Mashonaland East,Nyamapanda,2738
Zimbabwe,Mashonaland East,Nyamande,2739
Zimbabwe,Mashonaland West,Murombedzi,2740
Zimbabwe,Mashonaland West,Chikonohono,2741
Zimbabwe,Mashonaland West,Negande business centre,2742
Zimbabwe,Mashonaland West,Kasvisva,2743
Zimbabwe,Mashonaland West,Mola,2744
Zimbabwe,Masvingo,Mucheke,2745
Zimbabwe,Masvingo,Ngundu,2746
Zimbabwe,Masvingo,Tshovani,2747
Zimbabwe,Masvingo,Mupandawana,2748
Zimbabwe,Masvingo,Rutenga,2749
Zimbabwe,Masvingo,Neshuro,2750
Zimbabwe,Masvingo,Sarahuro,2751
Zimbabwe,Matabeleland North,Nkayi Growth Point,2752
Zimbabwe,Matabeleland North,Binga centre,2753
Zimbabwe,Matabeleland North,Hwange Town Bus Terminus,2754
Zimbabwe,Matabeleland North,Siakobvu,2755
Zimbabwe,Matabeleland North,Siphepha,2756
Zimbabwe,Matabeleland North,Tsholotsho Business Centre,2757
Zimbabwe,Matabeleland North,Nemane,2758
Zimbabwe,Matabeleland South,Gwanda town,2759
Zimbabwe,Matabeleland South,Dulibadzimu Market,2760
Zimbabwe,Matabeleland South,Madlambudzi,2761
Zimbabwe,Matabeleland South,Khame,2762
Zimbabwe,Matabeleland South,Dombodema,2763
Zimbabwe,Matabeleland South,Tjankwa,2764
Zimbabwe,Matabeleland South,Nyele,2765
Zimbabwe,Matabeleland South,Marula,2766
Zimbabwe,Matabeleland South,Plumtree town,2767
Zimbabwe,Matabeleland South,Ingwizi,2768
Zimbabwe,Matabeleland South,Brunaperg,2769
Zimbabwe,Matabeleland South,Mambale,2770
Zimbabwe,Matabeleland South,Maphisa,2771
Zimbabwe,Matabeleland South,Kezi,2772
Zimbabwe,Matabeleland South,Tshelanyemba,2773
Zimbabwe,Matabeleland South,Saint Joseph,2774
Zimbabwe,Matabeleland South,Bazha,2775
Zimbabwe,Matabeleland South,Homestead,2776
Zimbabwe,Midlands,Mandava,2777
Zimbabwe,Midlands,Kombai,2778
Zimbabwe,Midlands,Mabasa,2779
Zimbabwe,Midlands,Matenda,2780
Zimbabwe,Midlands,Mutambi,2781
Zimbabwe,Midlands,Vhugwi,2782
Zimbabwe,Midlands,Murowa,2783
